id,parentId,name,lastName,position,image,email,phone_number,hire_date,job_id,salary,commission_pct,department_id,job_min_salary,location_state,job_max_salary,department_name,department_location_id,department_location_street_address,department_location_postal_code,department_location_country_id,department_location_country_name,department_location_country_region_id,department_location_country_region_name
1,,Andi,Santoso,Direktur Utama,,andi@example.com,081234567890,2010-01-15,DIR001,20000000,,D001,15000000,Jawa Tengah,25000000,Pimpinan,L001,Jl. Merdeka No.1,50123,ID,Indonesia,R01,Asia Tenggara
2,1,Budi,Hartono,Kabag Umum,,budi@example.com,081234567891,2012-03-20,UMM001,12000000,,D002,10000000,Jawa Tengah,15000000,Umum,L001,Jl. Merdeka No.1,50123,ID,Indonesia,R01,Asia Tenggara
3,2,Citra,Anggraini,Kasubbag Umum,,citra@example.com,081234567892,2015-06-01,SUB001,9000000,,D003,8000000,Jawa Tengah,10000000,Sub Umum,L001,Jl. Merdeka No.1,50123,ID,Indonesia,R01,Asia Tenggara
